close,date,high,low,marketcap,open,volume
0.001509,"Oct 15, 2018",0.001578,0.001335,"277,797,339",0.001378,"2,032,230"
0.001362,"Oct 14, 2018",0.001410,0.001287,"250,640,119",0.001343,"2,011,720"
0.001341,"Oct 13, 2018",0.001468,0.001322,"246,879,634",0.001374,"1,871,560"
0.001392,"Oct 12, 2018",0.001457,0.001362,"256,287,290",0.001398,"2,180,670"
0.001417,"Oct 11, 2018",0.001705,0.001403,"260,743,548",0.001705,"4,268,830"
0.001689,"Oct 10, 2018",0.001820,0.001654,"310,888,874",0.001739,"7,197,210"
0.001783,"Oct 09, 2018",0.002230,0.001661,"328,253,738",0.002200,"15,970,600"
0.002205,"Oct 08, 2018",0.002256,0.002166,"405,887,605",0.002195,"1,662,810"
0.002188,"Oct 07, 2018",0.002251,0.002153,"402,648,029",0.002249,"589,980"
0.002241,"Oct 06, 2018",0.002258,0.002167,"412,541,621",0.002242,"560,546"
0.002243,"Oct 05, 2018",0.002269,0.002203,"412,780,908",0.002241,"1,703,930"
0.002239,"Oct 04, 2018",0.002295,0.002205,"412,116,426",0.002228,"2,110,070"
0.002218,"Oct 03, 2018",0.002275,0.002177,"408,227,094",0.002265,"2,132,180"
0.002270,"Oct 02, 2018",0.002363,0.002199,"417,868,515",0.002222,"3,376,110"
0.002234,"Oct 01, 2018",0.002244,0.002147,"411,289,966",0.002168,"1,980,920"
0.002182,"Sep 30, 2018",0.002254,0.002161,"401,611,732",0.002231,"2,176,200"
0.002216,"Sep 29, 2018",0.002332,0.002172,"407,916,021",0.002328,"2,581,850"
0.002310,"Sep 28, 2018",0.002522,0.002277,"425,203,578",0.002323,"9,769,100"
0.002352,"Sep 27, 2018",0.002366,0.002069,"432,834,989",0.002143,"2,457,420"
0.002143,"Sep 26, 2018",0.002200,0.002056,"394,425,763",0.002078,"1,088,560"
0.002087,"Sep 25, 2018",0.002236,0.002003,"384,091,515",0.002235,"2,917,080"
0.002269,"Sep 24, 2018",0.002391,0.002038,"417,714,419",0.002054,"7,449,020"
0.002066,"Sep 23, 2018",0.002076,0.001989,"380,232,451",0.002022,"2,173,150"
0.002016,"Sep 22, 2018",0.002064,0.001953,"371,006,895",0.002016,"1,702,930"
0.002013,"Sep 21, 2018",0.002082,0.001903,"370,491,093",0.001944,"2,930,300"
0.001944,"Sep 20, 2018",0.001968,0.001837,"357,865,804",0.001860,"2,389,640"
0.001859,"Sep 19, 2018",0.001903,0.001808,"342,200,159",0.001866,"2,155,130"
0.001864,"Sep 18, 2018",0.001903,0.001782,"343,081,497",0.001788,"2,264,920"
0.001794,"Sep 17, 2018",0.001984,0.001787,"330,121,757",0.001934,"2,782,480"
0.001930,"Sep 16, 2018",0.001967,0.001919,"355,197,039",0.001956,"2,537,630"
0.001947,"Sep 15, 2018",0.001985,0.001872,"358,379,387",0.001888,"2,739,410"
0.001892,"Sep 14, 2018",0.001950,0.001823,"348,190,196",0.001865,"3,002,820"
0.001869,"Sep 13, 2018",0.001965,0.001849,"343,904,802",0.001861,"3,429,680"
0.001860,"Sep 12, 2018",0.001917,0.001742,"342,343,871",0.001905,"2,945,660"
0.001896,"Sep 11, 2018",0.002063,0.001882,"348,890,412",0.002027,"3,034,670"
0.002039,"Sep 10, 2018",0.002083,0.001999,"375,281,005",0.002028,"2,454,420"
0.002029,"Sep 09, 2018",0.002105,0.001936,"373,381,064",0.001972,"2,826,520"
0.001970,"Sep 08, 2018",0.002231,0.001947,"362,510,761",0.002105,"4,440,310"
0.002094,"Sep 07, 2018",0.002203,0.002083,"385,440,615",0.002116,"3,652,590"
0.002099,"Sep 06, 2018",0.002187,0.001890,"386,317,647",0.002184,"4,429,060"
0.002152,"Sep 05, 2018",0.002900,0.002152,"396,025,575",0.002561,"10,234,800"
0.002557,"Sep 04, 2018",0.002606,0.002491,"470,611,900",0.002505,"4,569,340"
0.002505,"Sep 03, 2018",0.002602,0.002364,"461,108,583",0.002491,"5,442,480"
0.002472,"Sep 02, 2018",0.002696,0.002353,"454,912,535",0.002611,"6,795,650"
0.002610,"Sep 01, 2018",0.002662,0.002211,"480,259,169",0.002211,"10,102,200"
0.002245,"Aug 31, 2018",0.002274,0.002029,"413,100,875",0.002052,"4,785,690"
0.002037,"Aug 30, 2018",0.002092,0.001928,"374,557,327",0.002047,"3,271,780"
0.002047,"Aug 29, 2018",0.002308,0.002025,"376,482,660",0.002257,"4,872,140"
0.002255,"Aug 28, 2018",0.002459,0.001934,"414,593,962",0.001962,"9,672,530"
0.001965,"Aug 27, 2018",0.001965,0.001814,"361,333,762",0.001863,"4,392,270"
0.001860,"Aug 26, 2018",0.001886,0.001706,"342,106,174",0.001749,"3,704,900"
0.001754,"Aug 25, 2018",0.001776,0.001726,"322,619,299",0.001750,"2,149,430"
0.001756,"Aug 24, 2018",0.001766,0.001679,"322,908,007",0.001706,"2,931,240"
0.001700,"Aug 23, 2018",0.001707,0.001653,"312,705,763",0.001658,"3,314,560"
0.001661,"Aug 22, 2018",0.001851,0.001620,"305,357,500",0.001699,"2,606,280"
0.001700,"Aug 21, 2018",0.001725,0.001612,"312,553,134",0.001618,"1,339,870"
0.001610,"Aug 20, 2018",0.001770,0.001608,"296,148,264",0.001751,"4,051,490"
0.001755,"Aug 19, 2018",0.001763,0.001687,"322,689,178",0.001697,"2,516,630"
0.001698,"Aug 18, 2018",0.001959,0.001654,"312,212,937",0.001959,"1,988,080"
0.001927,"Aug 17, 2018",0.001959,0.001538,"354,283,401",0.001538,"2,789,680"
0.001580,"Aug 16, 2018",0.001626,0.001528,"290,565,349",0.001540,"685,663"
0.001551,"Aug 15, 2018",0.001709,0.001542,"285,144,258",0.001587,"1,211,850"
0.001570,"Aug 14, 2018",0.001628,0.001439,"288,763,223",0.001628,"2,815,350"
0.001630,"Aug 13, 2018",0.001916,0.001605,"299,678,962",0.001851,"3,676,280"
0.001848,"Aug 12, 2018",0.001879,0.001812,"339,851,676",0.001838,"2,266,110"
0.001847,"Aug 11, 2018",0.001899,0.001750,"339,585,035",0.001889,"2,373,100"
0.001888,"Aug 10, 2018",0.002170,0.001856,"347,220,168",0.002158,"4,328,200"
0.002171,"Aug 09, 2018",0.002231,0.002048,"399,137,967",0.002069,"3,578,210"
0.002064,"Aug 08, 2018",0.002217,0.002021,"379,560,987",0.002217,"2,887,310"
0.002227,"Aug 07, 2018",0.002388,0.002220,"409,577,430",0.002294,"4,174,120"
0.002282,"Aug 06, 2018",0.002393,0.002255,"419,678,534",0.002366,"4,054,900"
0.002364,"Aug 05, 2018",0.002379,0.002261,"434,807,204",0.002313,"3,855,890"
0.002316,"Aug 04, 2018",0.002485,0.002278,"425,923,455",0.002438,"1,117,650"
0.002448,"Aug 03, 2018",0.002514,0.002396,"450,235,615",0.002514,"3,581,780"
0.002507,"Aug 02, 2018",0.002642,0.002495,"461,103,543",0.002578,"4,174,510"
0.002584,"Aug 01, 2018",0.002624,0.002483,"475,130,709",0.002610,"3,522,820"
0.002609,"Jul 31, 2018",0.002843,0.002590,"479,713,260",0.002843,"2,845,950"
0.002846,"Jul 30, 2018",0.002999,0.002751,"523,343,115",0.002999,"2,986,880"
0.002996,"Jul 29, 2018",0.003112,0.002934,"550,919,332",0.003094,"4,166,010"
0.003081,"Jul 28, 2018",0.003118,0.003032,"566,509,567",0.003078,"4,187,530"
0.003072,"Jul 27, 2018",0.003110,0.002942,"564,847,197",0.002993,"3,394,920"
0.002994,"Jul 26, 2018",0.003192,0.002949,"550,645,335",0.003049,"7,274,860"
0.003048,"Jul 25, 2018",0.003124,0.002977,"560,439,342",0.003076,"5,297,400"
0.003095,"Jul 24, 2018",0.003117,0.002918,"569,187,012",0.003044,"9,114,290"
0.003041,"Jul 23, 2018",0.003282,0.003020,"559,240,376",0.003119,"5,419,290"
0.003121,"Jul 22, 2018",0.003204,0.003074,"573,863,347",0.003150,"4,798,360"
0.003173,"Jul 21, 2018",0.003261,0.003021,"583,506,564",0.003061,"5,933,460"
0.003062,"Jul 20, 2018",0.003282,0.002992,"563,026,681",0.003282,"6,329,490"
0.003274,"Jul 19, 2018",0.003441,0.003197,"602,028,013",0.003321,"6,126,540"
0.003358,"Jul 18, 2018",0.003574,0.003310,"617,537,336",0.003494,"5,940,560"
0.003515,"Jul 17, 2018",0.003584,0.003097,"646,364,008",0.003237,"6,889,030"
0.003244,"Jul 16, 2018",0.003248,0.002897,"596,568,305",0.002921,"6,569,160"
0.002936,"Jul 15, 2018",0.003015,0.002916,"539,964,976",0.002971,"3,774,090"
0.002951,"Jul 14, 2018",0.002967,0.002802,"542,675,521",0.002867,"3,586,690"
0.002868,"Jul 13, 2018",0.003048,0.002778,"527,416,289",0.002778,"8,279,280"
0.002759,"Jul 12, 2018",0.002859,0.002698,"507,346,482",0.002842,"5,296,690"
0.002844,"Jul 11, 2018",0.002909,0.002768,"522,925,684",0.002768,"6,954,020"
0.002769,"Jul 10, 2018",0.003034,0.002764,"509,132,059",0.003006,"6,124,390"
0.003005,"Jul 09, 2018",0.003267,0.002991,"552,657,097",0.003267,"7,154,090"
0.003266,"Jul 08, 2018",0.003327,0.003141,"600,498,044",0.003215,"6,132,470"
0.003260,"Jul 07, 2018",0.003295,0.002955,"599,505,036",0.003182,"8,712,610"
0.003178,"Jul 06, 2018",0.003318,0.003057,"584,435,211",0.003318,"9,195,600"
0.003283,"Jul 05, 2018",0.003699,0.003183,"603,635,216",0.003627,"9,726,480"
0.003619,"Jul 04, 2018",0.003804,0.003190,"665,552,980",0.003214,"13,524,700"
0.003264,"Jul 03, 2018",0.003962,0.003219,"600,133,941",0.003572,"19,404,000"
0.003588,"Jul 02, 2018",0.003906,0.002873,"659,778,819",0.002972,"21,232,300"
0.002937,"Jul 01, 2018",0.003054,0.002850,"540,088,182",0.003007,"6,950,550"
0.003003,"Jun 30, 2018",0.003230,0.002677,"552,140,364",0.002719,"17,287,700"
0.002714,"Jun 29, 2018",0.002717,0.002369,"499,089,800",0.002414,"4,746,620"
0.002425,"Jun 28, 2018",0.002635,0.002413,"445,987,745",0.002612,"3,733,450"
0.002624,"Jun 27, 2018",0.002649,0.002513,"482,576,434",0.002542,"3,571,520"
0.002543,"Jun 26, 2018",0.002812,0.002543,"467,600,394",0.002806,"3,545,870"
0.002773,"Jun 25, 2018",0.002890,0.002587,"509,867,621",0.002629,"5,751,060"
0.002634,"Jun 24, 2018",0.002888,0.002351,"484,376,722",0.002851,"9,858,400"
0.002852,"Jun 23, 2018",0.002963,0.002765,"524,442,780",0.002769,"5,979,480"
0.002808,"Jun 22, 2018",0.003546,0.002722,"516,349,760",0.003499,"13,403,900"
0.003505,"Jun 21, 2018",0.003783,0.003439,"644,447,869",0.003731,"15,299,000"
0.003731,"Jun 20, 2018",0.003994,0.003632,"686,019,990",0.003988,"9,894,980"
0.003984,"Jun 19, 2018",0.004207,0.003865,"732,617,838",0.004207,"11,514,400"
0.004174,"Jun 18, 2018",0.004288,0.003845,"767,534,963",0.004094,"8,722,660"
0.004106,"Jun 17, 2018",0.004327,0.004097,"755,030,410",0.004203,"6,486,060"
0.004214,"Jun 16, 2018",0.004302,0.004071,"774,857,482",0.004233,"5,132,550"
0.004238,"Jun 15, 2018",0.004555,0.004211,"779,383,027",0.004512,"4,784,470"
0.004516,"Jun 14, 2018",0.004659,0.004118,"830,390,568",0.004159,"11,260,700"
0.004133,"Jun 13, 2018",0.004460,0.003891,"760,107,626",0.004378,"11,326,700"
0.004366,"Jun 12, 2018",0.004959,0.004326,"802,954,109",0.004948,"10,994,100"
0.004948,"Jun 11, 2018",0.004990,0.004666,"909,882,746",0.004789,"9,656,620"
0.004745,"Jun 10, 2018",0.005666,0.004683,"872,571,367",0.005666,"14,610,500"
0.005705,"Jun 09, 2018",0.005935,0.005610,"1,049,143,007",0.005705,"11,401,000"
0.005671,"Jun 08, 2018",0.006006,0.005554,"1,042,813,497",0.005968,"8,875,860"
0.005941,"Jun 07, 2018",0.006120,0.005926,"1,092,535,644",0.006040,"9,407,170"
0.006036,"Jun 06, 2018",0.006166,0.005892,"1,110,043,857",0.006118,"7,937,100"
0.006166,"Jun 05, 2018",0.006306,0.005729,"1,133,885,258",0.005952,"11,981,600"
0.005953,"Jun 04, 2018",0.006459,0.005913,"1,094,613,606",0.006411,"11,507,300"
0.006408,"Jun 03, 2018",0.006600,0.006285,"1,178,340,781",0.006359,"10,458,100"
0.006358,"Jun 02, 2018",0.006626,0.006156,"1,169,192,230",0.006443,"14,328,300"
0.006460,"Jun 01, 2018",0.007032,0.006103,"1,187,943,542",0.006842,"22,617,900"
0.006838,"May 31, 2018",0.007131,0.006258,"1,257,358,521",0.006499,"23,562,000"
0.006545,"May 30, 2018",0.007138,0.006101,"1,203,629,400",0.006939,"36,200,500"
0.006988,"May 29, 2018",0.007329,0.005070,"1,284,956,805",0.005194,"46,864,800"
0.005196,"May 28, 2018",0.006100,0.005134,"955,436,096",0.006062,"14,327,800"
0.006018,"May 27, 2018",0.006476,0.005795,"1,106,610,621",0.006476,"17,298,000"
0.006438,"May 26, 2018",0.006891,0.006378,"1,183,844,624",0.006770,"11,524,300"
0.006782,"May 25, 2018",0.007161,0.006647,"1,247,161,794",0.007041,"7,459,340"
0.007081,"May 24, 2018",0.007283,0.006546,"1,302,137,692",0.006862,"15,254,200"
0.006928,"May 23, 2018",0.007988,0.006756,"1,273,980,382",0.007934,"28,811,100"
0.007940,"May 22, 2018",0.008960,0.007906,"1,460,020,543",0.008951,"22,357,700"
0.008947,"May 21, 2018",0.009513,0.008843,"1,645,209,291",0.009507,"22,301,800"
0.009450,"May 20, 2018",0.009845,0.008751,"1,737,708,042",0.008849,"28,301,600"
0.008843,"May 19, 2018",0.009247,0.008776,"1,626,108,587",0.009177,"17,014,500"
0.009194,"May 18, 2018",0.009422,0.008774,"1,690,718,507",0.009011,"21,559,000"
0.009059,"May 17, 2018",0.010389,0.008983,"1,665,819,736",0.010178,"30,238,400"
0.010174,"May 16, 2018",0.010885,0.009949,"1,870,920,145",0.010517,"29,607,700"
0.010529,"May 15, 2018",0.012903,0.010267,"1,936,182,877",0.012781,"75,836,304"
0.012662,"May 14, 2018",0.013350,0.011044,"2,328,486,559",0.011987,"98,415,696"
0.012075,"May 13, 2018",0.012967,0.008901,"2,220,525,199",0.009321,"129,775,000"
0.009312,"May 12, 2018",0.010078,0.008627,"1,712,338,230",0.009876,"42,980,200"
0.009889,"May 11, 2018",0.012196,0.009677,"1,818,472,083",0.012051,"72,658,800"
0.012126,"May 10, 2018",0.014278,0.012041,"2,229,825,055",0.014278,"133,865,000"
0.030134,"May 08, 2018",0.030134,0.006783,"5,541,012,183",0.006783,"631,411,968"
0.006768,"May 07, 2018",0.007248,0.006682,"1,244,579,505",0.007188,"5,249,510"
0.007190,"May 06, 2018",0.007339,0.006877,"1,322,138,134",0.007201,"4,477,670"
0.007217,"May 05, 2018",0.007287,0.006679,"1,326,974,430",0.006760,"7,065,280"
0.006733,"May 04, 2018",0.007273,0.006633,"1,237,976,222",0.006958,"7,956,820"
0.006940,"May 03, 2018",0.007005,0.005498,"1,276,132,403",0.005498,"13,080,300"
0.005514,"May 02, 2018",0.005516,0.005138,"1,013,829,719",0.005313,"6,643,490"
0.005298,"May 01, 2018",0.005513,0.005187,"974,117,255",0.005513,"6,658,580"
0.005501,"Apr 30, 2018",0.005641,0.005319,"1,011,425,061",0.005328,"7,893,230"
0.005253,"Apr 29, 2018",0.005932,0.005215,"965,844,373",0.005676,"7,443,290"
0.005677,"Apr 28, 2018",0.005824,0.005289,"1,043,791,316",0.005305,"6,829,440"
0.005284,"Apr 27, 2018",0.005633,0.005284,"971,461,978",0.005568,"6,184,330"
0.005584,"Apr 26, 2018",0.005595,0.004892,"1,026,578,836",0.005002,"3,002,870"
0.004984,"Apr 25, 2018",0.005484,0.004767,"916,313,918",0.005439,"6,781,760"
0.005466,"Apr 24, 2018",0.005466,0.005002,"1,004,980,135",0.005014,"7,154,510"
0.004988,"Apr 23, 2018",0.005034,0.004800,"917,031,257",0.004824,"5,214,760"
0.004802,"Apr 22, 2018",0.005051,0.004638,"882,848,559",0.004755,"6,858,060"
0.004763,"Apr 21, 2018",0.005115,0.004564,"875,638,691",0.005100,"5,186,970"
0.005102,"Apr 20, 2018",0.005217,0.004778,"937,987,667",0.004829,"8,489,800"
0.004813,"Apr 19, 2018",0.004852,0.004414,"884,890,858",0.004469,"5,614,960"
0.004467,"Apr 18, 2018",0.004489,0.004033,"821,229,306",0.004056,"5,835,600"
0.004065,"Apr 17, 2018",0.004328,0.003794,"747,256,174",0.003823,"4,971,410"
0.003828,"Apr 16, 2018",0.004479,0.003767,"703,739,686",0.004219,"6,304,950"
0.004396,"Apr 15, 2018",0.004581,0.003319,"808,127,554",0.003319,"8,187,490"
0.003321,"Apr 14, 2018",0.003362,0.003084,"610,611,907",0.003183,"4,923,470"
0.003155,"Apr 13, 2018",0.003306,0.002791,"579,940,385",0.002878,"5,922,770"
0.002869,"Apr 12, 2018",0.002926,0.002397,"527,349,982",0.002531,"4,903,200"
0.002526,"Apr 11, 2018",0.002545,0.002327,"464,344,387",0.002327,"3,812,750"
0.002342,"Apr 10, 2018",0.002351,0.002094,"430,498,968",0.002140,"4,360,270"
0.002114,"Apr 09, 2018",0.002293,0.002066,"388,570,503",0.002190,"1,543,110"
0.002172,"Apr 08, 2018",0.002199,0.002120,"399,183,397",0.002120,"378,934"
0.002118,"Apr 07, 2018",0.002176,0.002024,"389,341,208",0.002029,"1,067,760"
0.002027,"Apr 06, 2018",0.002110,0.001991,"372,561,576",0.002083,"1,314,600"
0.002092,"Apr 05, 2018",0.002132,0.002034,"384,575,745",0.002118,"1,636,150"
0.002115,"Apr 04, 2018",0.002360,0.002089,"388,816,303",0.002337,"1,812,510"
0.002345,"Apr 03, 2018",0.002345,0.002156,"431,117,279",0.002172,"1,017,640"
0.002189,"Apr 02, 2018",0.002229,0.002127,"402,412,236",0.002166,"825,353"
0.002161,"Apr 01, 2018",0.002187,0.002035,"397,195,515",0.002115,"858,187"
0.002121,"Mar 31, 2018",0.002227,0.002087,"389,910,584",0.002095,"853,854"
0.002098,"Mar 30, 2018",0.002248,0.002012,"385,638,694",0.002180,"1,091,930"
0.002193,"Mar 29, 2018",0.002495,0.002132,"403,008,793",0.002478,"2,271,440"
0.002471,"Mar 28, 2018",0.002826,0.002360,"454,230,159",0.002383,"4,637,560"
0.002384,"Mar 27, 2018",0.002530,0.002342,"438,223,459",0.002484,"1,944,590"
0.002488,"Mar 26, 2018",0.002665,0.002372,"457,272,208",0.002639,"4,264,370"
0.002643,"Mar 25, 2018",0.002715,0.002565,"485,742,337",0.002655,"4,331,750"
0.002696,"Mar 24, 2018",0.002845,0.002666,"495,445,817",0.002787,"3,512,780"
0.002750,"Mar 23, 2018",0.002750,0.002533,"505,514,968",0.002651,"4,539,610"
0.002652,"Mar 22, 2018",0.002783,0.002571,"487,376,439",0.002742,"2,792,120"
0.002745,"Mar 21, 2018",0.002921,0.002723,"504,547,169",0.002782,"2,715,860"
0.002772,"Mar 20, 2018",0.002806,0.002577,"509,407,489",0.002641,"2,676,060"
0.002616,"Mar 19, 2018",0.002628,0.002457,"480,767,261",0.002512,"2,895,080"
0.002531,"Mar 18, 2018",0.002531,0.002189,"465,210,535",0.002428,"2,619,080"
0.002461,"Mar 17, 2018",0.002692,0.002334,"452,311,034",0.002692,"2,464,030"
0.002691,"Mar 16, 2018",0.002763,0.002553,"494,610,210",0.002658,"2,159,820"
0.002659,"Mar 15, 2018",0.002718,0.002465,"488,674,642",0.002673,"3,222,970"
0.002674,"Mar 14, 2018",0.003173,0.002603,"491,521,785",0.003060,"3,848,380"
0.003063,"Mar 13, 2018",0.003360,0.003031,"562,864,380",0.003235,"4,532,290"
0.003257,"Mar 12, 2018",0.003547,0.003140,"598,628,936",0.003363,"3,960,160"
0.003372,"Mar 11, 2018",0.003473,0.003031,"619,775,537",0.003175,"3,599,780"
0.003175,"Mar 10, 2018",0.003458,0.003154,"583,534,031",0.003382,"3,533,720"
0.003372,"Mar 09, 2018",0.003388,0.002914,"619,689,564",0.003275,"3,853,310"
0.003297,"Mar 08, 2018",0.003665,0.003297,"605,934,813",0.003393,"4,342,560"
0.003393,"Mar 07, 2018",0.004001,0.003391,"623,537,448",0.003961,"2,994,280"
0.003965,"Mar 06, 2018",0.004554,0.003857,"728,678,955",0.004554,"4,337,760"
0.004535,"Mar 05, 2018",0.004539,0.003977,"833,406,303",0.004276,"4,781,850"
0.004265,"Mar 04, 2018",0.004274,0.004000,"783,702,715",0.004250,"4,916,610"
0.004257,"Mar 03, 2018",0.004519,0.004186,"782,294,047",0.004312,"4,456,850"
0.004335,"Mar 02, 2018",0.004675,0.004309,"796,658,212",0.004645,"4,941,490"
0.004647,"Mar 01, 2018",0.004841,0.004357,"854,001,713",0.004491,"6,813,990"
0.004482,"Feb 28, 2018",0.005226,0.004482,"823,587,972",0.005055,"4,663,650"
0.005053,"Feb 27, 2018",0.005148,0.004744,"928,493,011",0.004866,"2,951,000"
0.004851,"Feb 26, 2018",0.005007,0.004403,"891,390,916",0.004526,"889,552"
0.004523,"Feb 25, 2018",0.004594,0.004399,"831,104,819",0.004515,"2,247,380"
0.004518,"Feb 24, 2018",0.004984,0.004375,"830,203,745",0.004823,"4,139,610"
0.004830,"Feb 23, 2018",0.005029,0.004601,"887,464,347",0.004709,"4,088,340"
0.004710,"Feb 22, 2018",0.005265,0.004641,"865,366,260",0.005058,"5,388,700"
0.005050,"Feb 21, 2018",0.005683,0.004960,"927,904,369",0.005527,"4,952,220"
0.005524,"Feb 20, 2018",0.006202,0.005508,"1,015,055,112",0.005927,"6,571,130"
0.005926,"Feb 19, 2018",0.005990,0.005447,"1,088,761,898",0.005469,"2,480,580"
0.005527,"Feb 18, 2018",0.006158,0.005339,"1,015,481,914",0.005988,"1,074,360"
0.005972,"Feb 17, 2018",0.006041,0.005575,"1,097,224,839",0.005624,"4,659,480"
0.005636,"Feb 16, 2018",0.005856,0.005338,"1,035,480,764",0.005836,"5,979,350"
0.005871,"Feb 15, 2018",0.005952,0.005323,"1,078,675,109",0.005456,"6,699,430"
0.005437,"Feb 14, 2018",0.005461,0.004557,"998,858,986",0.004562,"6,676,900"
0.004572,"Feb 13, 2018",0.004850,0.004411,"839,919,835",0.004828,"2,017,130"
0.004797,"Feb 12, 2018",0.004882,0.004350,"881,332,095",0.004381,"2,267,450"
0.004350,"Feb 11, 2018",0.004666,0.004226,"799,113,395",0.004666,"3,846,800"
0.004675,"Feb 10, 2018",0.005290,0.004395,"858,828,112",0.004948,"6,272,280"
0.004937,"Feb 09, 2018",0.004971,0.004294,"907,022,072",0.004504,"6,140,460"
0.004505,"Feb 08, 2018",0.004787,0.004118,"827,560,664",0.004118,"4,176,950"
0.004175,"Feb 07, 2018",0.004787,0.003846,"767,054,949",0.004233,"3,125,680"
0.004288,"Feb 06, 2018",0.004295,0.002837,"787,831,493",0.003494,"3,422,330"
0.003472,"Feb 05, 2018",0.004434,0.003346,"637,799,690",0.004338,"2,329,860"
0.004361,"Feb 04, 2018",0.005241,0.004192,"801,089,447",0.005070,"2,709,190"
0.005065,"Feb 03, 2018",0.005224,0.004219,"930,540,923",0.004599,"3,513,880"
0.004583,"Feb 02, 2018",0.005052,0.003678,"841,862,709",0.005052,"4,928,310"
0.005076,"Feb 01, 2018",0.006052,0.004827,"932,413,427",0.005961,"4,635,950"
0.005925,"Jan 31, 2018",0.006056,0.005622,"1,088,487,885",0.006033,"6,734,050"
0.006063,"Jan 30, 2018",0.007014,0.005832,"1,113,788,345",0.006993,"6,197,140"
0.007014,"Jan 29, 2018",0.007465,0.006847,"1,288,363,253",0.007342,"8,559,280"
0.007371,"Jan 28, 2018",0.007591,0.007280,"1,354,053,437",0.007379,"6,975,970"
0.007333,"Jan 27, 2018",0.007575,0.007025,"1,346,944,968",0.007071,"6,410,040"
0.007179,"Jan 26, 2018",0.007615,0.006324,"1,318,639,369",0.006586,"8,430,710"
0.006591,"Jan 25, 2018",0.006871,0.006384,"1,210,659,540",0.006657,"6,331,000"
0.006558,"Jan 24, 2018",0.006701,0.006068,"1,204,625,837",0.006240,"6,688,380"
0.006244,"Jan 23, 2018",0.006551,0.005736,"1,146,852,558",0.006254,"5,785,590"
0.006261,"Jan 22, 2018",0.007209,0.005787,"1,149,993,272",0.006787,"7,879,040"
0.006700,"Jan 21, 2018",0.008052,0.006469,"1,230,686,435",0.007846,"7,176,430"
0.007842,"Jan 20, 2018",0.008207,0.007441,"1,440,426,613",0.007535,"6,886,480"
0.007443,"Jan 19, 2018",0.008037,0.007126,"1,367,083,729",0.007794,"6,484,280"
0.007858,"Jan 18, 2018",0.008283,0.007060,"1,443,258,241",0.007297,"9,960,020"
0.007244,"Jan 17, 2018",0.007384,0.004621,"1,330,487,275",0.006389,"10,274,100"
0.006391,"Jan 16, 2018",0.009310,0.004724,"1,173,750,322",0.009269,"12,361,800"
0.009317,"Jan 15, 2018",0.010802,0.009288,"1,711,163,723",0.010201,"12,802,100"
0.010217,"Jan 14, 2018",0.011334,0.009702,"1,876,405,820",0.011255,"12,715,700"
0.011222,"Jan 13, 2018",0.012463,0.011040,"2,061,088,164",0.011247,"15,582,200"
0.011274,"Jan 12, 2018",0.011839,0.009046,"2,070,525,209",0.009398,"15,781,700"
0.009351,"Jan 11, 2018",0.011762,0.008992,"1,717,353,858",0.011750,"14,581,100"
0.011737,"Jan 10, 2018",0.012108,0.009759,"2,155,450,386",0.011763,"17,522,800"
0.011815,"Jan 09, 2018",0.013321,0.011474,"2,165,048,885",0.013079,"19,306,500"
0.013158,"Jan 08, 2018",0.015483,0.011216,"2,411,304,984",0.015433,"24,272,600"
0.015402,"Jan 07, 2018",0.017227,0.013785,"2,822,415,964",0.016645,"31,409,700"
0.016694,"Jan 06, 2018",0.017817,0.013996,"3,059,161,205",0.014711,"67,505,504"
0.014134,"Jan 05, 2018",0.015466,0.006830,"2,590,032,157",0.006945,"64,843,200"
0.006948,"Jan 04, 2018",0.006948,0.005847,"1,273,207,075",0.006386,"11,761,900"
0.006408,"Jan 03, 2018",0.006531,0.005990,"1,174,301,478",0.006362,"9,816,790"
0.006390,"Jan 02, 2018",0.006539,0.005752,"1,170,955,268",0.005878,"9,927,780"
0.005924,"Jan 01, 2018",0.006012,0.005549,"1,085,648,915",0.005900,"4,795,730"
0.005902,"Dec 31, 2017",0.006104,0.004993,"1,081,518,380",0.005042,"8,142,580"
0.005171,"Dec 30, 2017",0.006158,0.004721,"947,541,721",0.006158,"8,317,390"
0.006262,"Dec 29, 2017",0.006294,0.005702,"1,147,474,993",0.005841,"9,339,730"
0.005729,"Dec 28, 2017",0.006237,0.005338,"1,049,835,677",0.006157,"8,900,540"
0.006221,"Dec 27, 2017",0.006815,0.005907,"1,140,007,411",0.006588,"14,649,300"
0.006586,"Dec 26, 2017",0.007425,0.005687,"1,206,959,090",0.006721,"17,501,400"
0.006727,"Dec 25, 2017",0.008138,0.006411,"1,232,720,872",0.006642,"25,042,600"
0.006591,"Dec 24, 2017",0.006616,0.004850,"1,207,783,731",0.005969,"18,019,600"
0.005904,"Dec 23, 2017",0.006444,0.004851,"1,081,851,902",0.004851,"16,188,800"
0.004793,"Dec 22, 2017",0.006241,0.003259,"878,400,163",0.006116,"15,447,300"
0.006110,"Dec 21, 2017",0.006353,0.005065,"1,119,592,967",0.005187,"21,724,500"
0.005124,"Dec 20, 2017",0.005182,0.003690,"939,024,097",0.004582,"14,950,400"
0.004586,"Dec 19, 2017",0.005505,0.004368,"840,459,351",0.004857,"10,835,300"
0.004792,"Dec 18, 2017",0.005284,0.004148,"878,134,445",0.004583,"13,913,300"
0.004539,"Dec 17, 2017",0.004907,0.003512,"831,859,262",0.003733,"19,651,400"
0.003638,"Dec 16, 2017",0.003776,0.002795,"666,630,546",0.002850,"9,692,270"
0.002870,"Dec 15, 2017",0.002934,0.002748,"525,866,175",0.002804,"4,051,660"
0.002800,"Dec 14, 2017",0.002863,0.002520,"513,175,868",0.002568,"5,251,000"
0.002573,"Dec 13, 2017",0.002799,0.002459,"471,438,043",0.002727,"7,039,420"
0.002740,"Dec 12, 2017",0.002821,0.002490,"502,202,647",0.002569,"5,334,230"
0.002573,"Dec 11, 2017",0.002758,0.002426,"471,522,340",0.002439,"7,378,240"
0.002453,"Dec 10, 2017",0.002660,0.002120,"449,438,456",0.002538,"7,019,140"
0.002549,"Dec 09, 2017",0.002761,0.002302,"467,148,078",0.002716,"3,764,010"
0.002736,"Dec 08, 2017",0.002783,0.002315,"501,460,470",0.002761,"9,567,940"
0.002748,"Dec 07, 2017",0.002748,0.002295,"503,551,393",0.002368,"7,878,310"
0.002373,"Dec 06, 2017",0.002514,0.002103,"434,928,441",0.002390,"7,066,440"
0.002374,"Dec 05, 2017",0.002374,0.002058,"435,025,566",0.002117,"5,175,010"
0.002120,"Dec 04, 2017",0.002128,0.001933,"388,567,130",0.001983,"4,924,450"
0.001995,"Dec 03, 2017",0.002189,0.001803,"365,625,620",0.001971,"4,798,740"
0.001910,"Dec 02, 2017",0.002167,0.001653,"349,983,098",0.001727,"5,220,950"
0.001726,"Dec 01, 2017",0.001732,0.001513,"316,213,137",0.001585,"2,640,990"
0.001596,"Nov 30, 2017",0.001697,0.001432,"292,511,124",0.001566,"4,180,850"
0.001573,"Nov 29, 2017",0.001868,0.001534,"288,204,666",0.001766,"4,577,510"
0.001768,"Nov 28, 2017",0.001796,0.001716,"324,034,398",0.001752,"2,315,250"
0.001750,"Nov 27, 2017",0.001758,0.001603,"320,620,384",0.001685,"4,459,300"
0.001679,"Nov 26, 2017",0.001712,0.001595,"307,741,326",0.001642,"4,270,840"
0.001641,"Nov 25, 2017",0.001747,0.001579,"300,675,069",0.001579,"2,888,930"
0.001582,"Nov 24, 2017",0.001761,0.001512,"289,969,398",0.001748,"4,843,140"
0.001758,"Nov 23, 2017",0.002022,0.001421,"322,249,508",0.001549,"5,696,590"
0.001558,"Nov 22, 2017",0.001566,0.001290,"285,496,179",0.001307,"3,162,120"
0.001302,"Nov 21, 2017",0.001352,0.001215,"238,575,944",0.001284,"3,175,750"
0.001281,"Nov 20, 2017",0.001320,0.001263,"234,804,586",0.001292,"2,335,090"
0.001293,"Nov 19, 2017",0.001360,0.001209,"236,926,662",0.001269,"3,369,440"
0.001261,"Nov 18, 2017",0.001304,0.001161,"231,128,521",0.001200,"2,415,260"
0.001202,"Nov 17, 2017",0.001254,0.001173,"220,320,227",0.001254,"1,168,260"
0.001249,"Nov 16, 2017",0.001281,0.001184,"228,804,866",0.001230,"2,644,400"
0.001230,"Nov 15, 2017",0.001239,0.001125,"225,394,517",0.001125,"2,598,540"
0.001128,"Nov 14, 2017",0.001173,0.001083,"206,631,188",0.001141,"2,745,920"
0.001152,"Nov 13, 2017",0.001200,0.001035,"211,146,555",0.001041,"2,409,110"
0.001036,"Nov 12, 2017",0.001207,0.000996,"189,837,834",0.001201,"2,558,020"
0.001201,"Nov 11, 2017",0.001296,0.001155,"220,171,792",0.001233,"2,913,560"
0.001237,"Nov 10, 2017",0.001437,0.001219,"226,691,952",0.001357,"2,219,310"
0.001358,"Nov 09, 2017",0.001460,0.001214,"248,849,137",0.001267,"4,402,130"
0.001268,"Nov 08, 2017",0.001320,0.001221,"232,389,305",0.001288,"1,894,370"
0.001292,"Nov 07, 2017",0.001292,0.001193,"236,677,438",0.001197,"2,303,500"
0.001192,"Nov 06, 2017",0.001309,0.001192,"218,480,362",0.001258,"2,363,100"
0.001247,"Nov 05, 2017",0.001301,0.001231,"228,555,641",0.001250,"2,079,500"
0.001254,"Nov 04, 2017",0.001299,0.001170,"229,838,416",0.001233,"3,050,140"
0.001225,"Nov 03, 2017",0.001333,0.001147,"224,560,714",0.001228,"3,012,930"
0.001225,"Nov 02, 2017",0.001482,0.001210,"224,414,111",0.001413,"4,204,140"
0.001411,"Nov 01, 2017",0.001519,0.001387,"258,497,436",0.001409,"2,406,700"
0.001410,"Oct 31, 2017",0.001417,0.001349,"258,477,278",0.001368,"1,148,530"
0.001372,"Oct 30, 2017",0.001464,0.001352,"251,398,194",0.001431,"2,209,860"
0.001432,"Oct 29, 2017",0.001478,0.001296,"262,455,712",0.001317,"7,363,370"
0.001322,"Oct 28, 2017",0.001379,0.001297,"242,349,134",0.001340,"1,952,020"
0.001334,"Oct 27, 2017",0.001414,0.001319,"244,407,072",0.001339,"2,847,630"
0.001342,"Oct 26, 2017",0.001448,0.001324,"245,970,224",0.001401,"2,137,650"
0.001396,"Oct 25, 2017",0.001412,0.001311,"255,766,958",0.001384,"2,688,860"
0.001392,"Oct 24, 2017",0.001528,0.001252,"255,010,121",0.001339,"4,495,360"
0.001323,"Oct 23, 2017",0.001511,0.001283,"242,372,957",0.001491,"2,064,250"
0.001492,"Oct 22, 2017",0.001515,0.001432,"273,500,403",0.001507,"1,163,540"
0.001490,"Oct 21, 2017",0.001541,0.001458,"273,137,561",0.001507,"790,456"
0.001511,"Oct 20, 2017",0.001524,0.001420,"276,875,933",0.001464,"2,096,460"
0.001464,"Oct 19, 2017",0.001557,0.001393,"268,246,524",0.001412,"3,503,950"
0.001404,"Oct 18, 2017",0.001598,0.001276,"257,344,771",0.001400,"1,022,860"
0.001399,"Oct 17, 2017",0.001449,0.001371,"256,452,326",0.001433,"1,072,170"
0.001452,"Oct 16, 2017",0.001452,0.001392,"266,014,496",0.001410,"1,538,460"
0.001410,"Oct 15, 2017",0.001468,0.001359,"258,431,465",0.001456,"857,027"
